<?xml version="1.0" encoding="UTF-8"?>
<project-private xmlns="http://www.netbeans.org/ns/project-private/1">
    <editor-bookmarks xmlns="http://www.netbeans.org/ns/editor-bookmarks/2" lastBookmarkId="0"/>
    <open-files xmlns="http://www.netbeans.org/ns/projectui-open-files/2">
        <group>
            <file>file:/C:/Users/maril/OneDrive/Imagens/PRODOC/src/view/Formulario.java</file>
            <file>file:/C:/Users/maril/OneDrive/Imagens/PRODOC/src/view/SistemaPontos.java</file>
            <file>file:/C:/Users/maril/OneDrive/Imagens/PRODOC/src/view/ProcessoSeletivo.java</file>
            <file>file:/C:/Users/maril/OneDrive/Imagens/PRODOC/src/dominio/Professor.java</file>
            <file>file:/C:/Users/maril/OneDrive/Imagens/PRODOC/src/view/TelaInicio.java</file>
            <file>file:/C:/Users/maril/OneDrive/Imagens/PRODOC/src/view/TelaLogin.java</file>
        </group>
    </open-files>
</project-private>
